"year","estimate","ui","li","N_ID","total_est","total_ui","total_li"
2015,118936.462004042,126631.986707839,111760.420375151,116215,235151.462004042,242846.986707839,227975.420375151
2016,113016.337436371,119771.393074309,106684.267085542,119843,232859.337436371,239614.393074309,226527.267085542
2017,118400.905749196,125444.741933542,111795.192116756,123424,241824.905749196,248868.741933542,235219.192116756
2018,115652.308143009,122193.739843611,109496.7035894,122629,238281.308143009,244822.739843611,232125.7035894
2019,116985.162897299,123840.232724846,110551.866827028,124047,241032.162897299,247887.232724846,234598.866827028
2020,109334.944531765,116461.396634039,102695.407113892,119137,228471.944531765,235598.396634039,221832.407113892
2021,125822.170972854,134764.860727153,117551.243018575,120993,246815.170972854,255757.860727153,238544.243018575
