"year","est","lower_ci","upper_ci","est_total","est_lower","est_upper","N_ID"
2015,124154.073704569,116272.966928578,132646.907421964,240369.073704569,232487.966928575,248861.907421966,116215
2016,115509.023672827,108921.565098923,122547.702822505,235352.023672828,228764.565098924,242390.702822508,119843
2017,119696.602830817,112990.149261545,126850.512809872,243120.602830818,236414.149261544,250274.512809873,123424
2018,117998.864370381,111586.921553787,124823.850029806,240627.86437038,234215.921553787,247452.850029806,122629
2019,122615.218511467,115467.41786318,130269.920480648,246662.218511468,239514.41786318,254316.920480651,124047
2020,116476.617571487,109519.370267351,123937.042889671,235613.617571487,228656.37026735,243074.042889671,119137
2021,131272.616955223,122849.846900188,140362.987138266,252265.616955224,243842.846900186,261355.987138267,120993
